Deciles,pred,Total_spent
9,813.4823047603825,864.5632133333334
8,611.7483401825224,685.0527653333334
7,514.1346239635487,589.9132320000002
6,450.8559382857041,495.0562160000001
5,409.73405233713237,440.91841600000026
4,370.4810461190637,449.5543333333334
3,332.14724365586363,382.9169127516777
2,305.1536734023242,349.83923973509934
1,280.23880881127667,345.1659333333333
0,239.22862665526662,261.8868373333332
