Deciles,pred,Total_spent
9,850.7416242178608,929.4211005714286
8,619.0008966599476,684.5663337142863
7,527.7099832421437,604.7592057142859
6,456.9445659421987,542.4518363112388
5,412.3910430663085,477.94392727272714
4,370.6991299811437,423.72539943019933
3,330.6456432555742,371.11531395348817
2,302.89539791581126,334.75632994350275
1,274.66952166882965,322.181667816092
0,236.69405728074904,275.24526779661
